Workbook

Sheet Dashboard
A1: id | B1: iniciativa | C1: objetivo | D1: tematica | E1: organizacao | F1: municipio | G1: estado | H1: bioma | I1: eixo | J1: avaliador | K1: lat | L1: lon | M1: pontuacao
A2: =IF('Exercício - Matriz de avaliação'!A4="","",'Exercício - Matriz de avaliação'!A4) | B2: =IF('Exercício - Matriz de avaliação'!B4="","",'Exercício - Matriz de avaliação'!B4) | C2: =IF('Exercício - Matriz de avaliação'!C4="","",'Exercício - Matriz de avaliação'!C4) | D2: =IF('Exercício - Matriz de avaliação'!D4="","",'Exercício - Matriz de avaliação'!D4) | E2: =IF('Exercício - Matriz de avaliação'!E4="","",'Exercício - Matriz de avaliação'!E4) | F2: =IF('Exercício - Matriz de avaliação'!M4="","",'Exercício - Matriz de avaliação'!M4) | G2: =IF('Exercício - Matriz de avaliação'!N4="","",'Exercício - Matriz de avaliação'!N4) | H2: =IF('Exercício - Matriz de avaliação'!O4="","",'Exercício - Matriz de avaliação'!O4) | I2: =IF('Exercício - Matriz de avaliação'!P4="","",'Exercício - Matriz de avaliação'!P4) | J2: =IF('Exercício - Matriz de avaliação'!L4="","",'Exercício - Matriz de avaliação'!L4) | K2: =IF('Exercício - Matriz de avaliação'!J4="","",'Exercício - Matriz de avaliação'!J4) | L2: =IF('Exercício - Matriz de avaliação'!K4="","",'Exercício - Matriz de avaliação'!K4) | M2: =IF('Exercício - Matriz de avaliação'!AE4="","",'Exercício - Matriz de avaliação'!AE4)
A3: =IF('Exercício - Matriz de avaliação'!A5="","",'Exercício - Matriz de avaliação'!A5) | B3: =IF('Exercício - Matriz de avaliação'!B5="","",'Exercício - Matriz de avaliação'!B5) | C3: =IF('Exercício - Matriz de avaliação'!C5="","",'Exercício - Matriz de avaliação'!C5) | D3: =IF('Exercício - Matriz de avaliação'!D5="","",'Exercício - Matriz de avaliação'!D5) | E3: =IF('Exercício - Matriz de avaliação'!E5="","",'Exercício - Matriz de avaliação'!E5) | F3: =IF('Exercício - Matriz de avaliação'!M5="","",'Exercício - Matriz de avaliação'!M5) | G3: =IF('Exercício - Matriz de avaliação'!N5="","",'Exercício - Matriz de avaliação'!N5) | H3: =IF('Exercício - Matriz de avaliação'!O5="","",'Exercício - Matriz de avaliação'!O5) | I3: =IF('Exercício - Matriz de avaliação'!P5="","",'Exercício - Matriz de avaliação'!P5) | J3: =IF('Exercício - Matriz de avaliação'!L5="","",'Exercício - Matriz de avaliação'!L5) | K3: =IF('Exercício - Matriz de avaliação'!J5="","",'Exercício - Matriz de avaliação'!J5) | L3: =IF('Exercício - Matriz de avaliação'!K5="","",'Exercício - Matriz de avaliação'!K5) | M3: =IF('Exercício - Matriz de avaliação'!AE5="","",'Exercício - Matriz de avaliação'!AE5)
A4: =IF('Exercício - Matriz de avaliação'!A6="","",'Exercício - Matriz de avaliação'!A6) | B4: =IF('Exercício - Matriz de avaliação'!B6="","",'Exercício - Matriz de avaliação'!B6) | C4: =IF('Exercício - Matriz de avaliação'!C6="","",'Exercício - Matriz de avaliação'!C6) | D4: =IF('Exercício - Matriz de avaliação'!D6="","",'Exercício - Matriz de avaliação'!D6) | E4: =IF('Exercício - Matriz de avaliação'!E6="","",'Exercício - Matriz de avaliação'!E6) | F4: =IF('Exercício - Matriz de avaliação'!M6="","",'Exercício - Matriz de avaliação'!M6) | G4: =IF('Exercício - Matriz de avaliação'!N6="","",'Exercício - Matriz de avaliação'!N6) | H4: =IF('Exercício - Matriz de avaliação'!O6="","",'Exercício - Matriz de avaliação'!O6) | I4: =IF('Exercício - Matriz de avaliação'!P6="","",'Exercício - Matriz de avaliação'!P6) | J4: =IF('Exercício - Matriz de avaliação'!L6="","",'Exercício - Matriz de avaliação'!L6) | K4: =IF('Exercício - Matriz de avaliação'!J6="","",'Exercício - Matriz de avaliação'!J6) | L4: =IF('Exercício - Matriz de avaliação'!K6="","",'Exercício - Matriz de avaliação'!K6) | M4: =IF('Exercício - Matriz de avaliação'!AE6="","",'Exercício - Matriz de avaliação'!AE6)
A5: =IF('Exercício - Matriz de avaliação'!A7="","",'Exercício - Matriz de avaliação'!A7) | B5: =IF('Exercício - Matriz de avaliação'!B7="","",'Exercício - Matriz de avaliação'!B7) | C5: =IF('Exercício - Matriz de avaliação'!C7="","",'Exercício - Matriz de avaliação'!C7) | D5: =IF('Exercício - Matriz de avaliação'!D7="","",'Exercício - Matriz de avaliação'!D7) | E5: =IF('Exercício - Matriz de avaliação'!E7="","",'Exercício - Matriz de avaliação'!E7) | F5: =IF('Exercício - Matriz de avaliação'!M7="","",'Exercício - Matriz de avaliação'!M7) | G5: =IF('Exercício - Matriz de avaliação'!N7="","",'Exercício - Matriz de avaliação'!N7) | H5: =IF('Exercício - Matriz de avaliação'!O7="","",'Exercício - Matriz de avaliação'!O7) | I5: =IF('Exercício - Matriz de avaliação'!P7="","",'Exercício - Matriz de avaliação'!P7) | J5: =IF('Exercício - Matriz de avaliação'!L7="","",'Exercício - Matriz de avaliação'!L7) | K5: =IF('Exercício - Matriz de avaliação'!J7="","",'Exercício - Matriz de avaliação'!J7) | L5: =IF('Exercício - Matriz de avaliação'!K7="","",'Exercício - Matriz de avaliação'!K7) | M5: =IF('Exercício - Matriz de avaliação'!AE7="","",'Exercício - Matriz de avaliação'!AE7)
A6: =IF('Exercício - Matriz de avaliação'!A8="","",'Exercício - Matriz de avaliação'!A8) | B6: =IF('Exercício - Matriz de avaliação'!B8="","",'Exercício - Matriz de avaliação'!B8) | C6: =IF('Exercício - Matriz de avaliação'!C8="","",'Exercício - Matriz de avaliação'!C8) | D6: =IF('Exercício - Matriz de avaliação'!D8="","",'Exercício - Matriz de avaliação'!D8) | E6: =IF('Exercício - Matriz de avaliação'!E8="","",'Exercício - Matriz de avaliação'!E8) | F6: =IF('Exercício - Matriz de avaliação'!M8="","",'Exercício - Matriz de avaliação'!M8) | G6: =IF('Exercício - Matriz de avaliação'!N8="","",'Exercício - Matriz de avaliação'!N8) | H6: =IF('Exercício - Matriz de avaliação'!O8="","",'Exercício - Matriz de avaliação'!O8) | I6: =IF('Exercício - Matriz de avaliação'!P8="","",'Exercício - Matriz de avaliação'!P8) | J6: =IF('Exercício - Matriz de avaliação'!L8="","",'Exercício - Matriz de avaliação'!L8) | K6: =IF('Exercício - Matriz de avaliação'!J8="","",'Exercício - Matriz de avaliação'!J8) | L6: =IF('Exercício - Matriz de avaliação'!K8="","",'Exercício - Matriz de avaliação'!K8) | M6: =IF('Exercício - Matriz de avaliação'!AE8="","",'Exercício - Matriz de avaliação'!AE8)
A7: =IF('Exercício - Matriz de avaliação'!A9="","",'Exercício - Matriz de avaliação'!A9) | B7: =IF('Exercício - Matriz de avaliação'!B9="","",'Exercício - Matriz de avaliação'!B9) | C7: =IF('Exercício - Matriz de avaliação'!C9="","",'Exercício - Matriz de avaliação'!C9) | D7: =IF('Exercício - Matriz de avaliação'!D9="","",'Exercício - Matriz de avaliação'!D9) | E7: =IF('Exercício - Matriz de avaliação'!E9="","",'Exercício - Matriz de avaliação'!E9) | F7: =IF('Exercício - Matriz de avaliação'!M9="","",'Exercício - Matriz de avaliação'!M9) | G7: =IF('Exercício - Matriz de avaliação'!N9="","",'Exercício - Matriz de avaliação'!N9) | H7: =IF('Exercício - Matriz de avaliação'!O9="","",'Exercício - Matriz de avaliação'!O9) | I7: =IF('Exercício - Matriz de avaliação'!P9="","",'Exercício - Matriz de avaliação'!P9) | J7: =IF('Exercício - Matriz de avaliação'!L9="","",'Exercício - Matriz de avaliação'!L9) | K7: =IF('Exercício - Matriz de avaliação'!J9="","",'Exercício - Matriz de avaliação'!J9) | L7: =IF('Exercício - Matriz de avaliação'!K9="","",'Exercício - Matriz de avaliação'!K9) | M7: =IF('Exercício - Matriz de avaliação'!AE9="","",'Exercício - Matriz de avaliação'!AE9)
A8: =IF('Exercício - Matriz de avaliação'!A10="","",'Exercício - Matriz de avaliação'!A10) | B8: =IF('Exercício - Matriz de avaliação'!B10="","",'Exercício - Matriz de avaliação'!B10) | C8: =IF('Exercício - Matriz de avaliação'!C10="","",'Exercício - Matriz de avaliação'!C10) | D8: =IF('Exercício - Matriz de avaliação'!D10="","",'Exercício - Matriz de avaliação'!D10) | E8: =IF('Exercício - Matriz de avaliação'!E10="","",'Exercício - Matriz de avaliação'!E10) | F8: =IF('Exercício - Matriz de avaliação'!M10="","",'Exercício - Matriz de avaliação'!M10) | G8: =IF('Exercício - Matriz de avaliação'!N10="","",'Exercício - Matriz de avaliação'!N10) | H8: =IF('Exercício - Matriz de avaliação'!O10="","",'Exercício - Matriz de avaliação'!O10) | I8: =IF('Exercício - Matriz de avaliação'!P10="","",'Exercício - Matriz de avaliação'!P10) | J8: =IF('Exercício - Matriz de avaliação'!L10="","",'Exercício - Matriz de avaliação'!L10) | K8: =IF('Exercício - Matriz de avaliação'!J10="","",'Exercício - Matriz de avaliação'!J10) | L8: =IF('Exercício - Matriz de avaliação'!K10="","",'Exercício - Matriz de avaliação'!K10) | M8: =IF('Exercício - Matriz de avaliação'!AE10="","",'Exercício - Matriz de avaliação'!AE10)
A9: =IF('Exercício - Matriz de avaliação'!A11="","",'Exercício - Matriz de avaliação'!A11) | B9: =IF('Exercício - Matriz de avaliação'!B11="","",'Exercício - Matriz de avaliação'!B11) | C9: =IF('Exercício - Matriz de avaliação'!C11="","",'Exercício - Matriz de avaliação'!C11) | D9: =IF('Exercício - Matriz de avaliação'!D11="","",'Exercício - Matriz de avaliação'!D11) | E9: =IF('Exercício - Matriz de avaliação'!E11="","",'Exercício - Matriz de avaliação'!E11) | F9: =IF('Exercício - Matriz de avaliação'!M11="","",'Exercício - Matriz de avaliação'!M11) | G9: =IF('Exercício - Matriz de avaliação'!N11="","",'Exercício - Matriz de avaliação'!N11) | H9: =IF('Exercício - Matriz de avaliação'!O11="","",'Exercício - Matriz de avaliação'!O11) | I9: =IF('Exercício - Matriz de avaliação'!P11="","",'Exercício - Matriz de avaliação'!P11) | J9: =IF('Exercício - Matriz de avaliação'!L11="","",'Exercício - Matriz de avaliação'!L11) | K9: =IF('Exercício - Matriz de avaliação'!J11="","",'Exercício - Matriz de avaliação'!J11) | L9: =IF('Exercício - Matriz de avaliação'!K11="","",'Exercício - Matriz de avaliação'!K11) | M9: =IF('Exercício - Matriz de avaliação'!AE11="","",'Exercício - Matriz de avaliação'!AE11)
A10: =IF('Exercício - Matriz de avaliação'!A12="","",'Exercício - Matriz de avaliação'!A12) | B10: =IF('Exercício - Matriz de avaliação'!B12="","",'Exercício - Matriz de avaliação'!B12) | C10: =IF('Exercício - Matriz de avaliação'!C12="","",'Exercício - Matriz de avaliação'!C12) | D10: =IF('Exercício - Matriz de avaliação'!D12="","",'Exercício - Matriz de avaliação'!D12) | E10: =IF('Exercício - Matriz de avaliação'!E12="","",'Exercício - Matriz de avaliação'!E12) | F10: =IF('Exercício - Matriz de avaliação'!M12="","",'Exercício - Matriz de avaliação'!M12) | G10: =IF('Exercício - Matriz de avaliação'!N12="","",'Exercício - Matriz de avaliação'!N12) | H10: =IF('Exercício - Matriz de avaliação'!O12="","",'Exercício - Matriz de avaliação'!O12) | I10: =IF('Exercício - Matriz de avaliação'!P12="","",'Exercício - Matriz de avaliação'!P12) | J10: =IF('Exercício - Matriz de avaliação'!L12="","",'Exercício - Matriz de avaliação'!L12) | K10: =IF('Exercício - Matriz de avaliação'!J12="","",'Exercício - Matriz de avaliação'!J12) | L10: =IF('Exercício - Matriz de avaliação'!K12="","",'Exercício - Matriz de avaliação'!K12) | M10: =IF('Exercício - Matriz de avaliação'!AE12="","",'Exercício - Matriz de avaliação'!AE12)
A11: =IF('Exercício - Matriz de avaliação'!A13="","",'Exercício - Matriz de avaliação'!A13) | B11: =IF('Exercício - Matriz de avaliação'!B13="","",'Exercício - Matriz de avaliação'!B13) | C11: =IF('Exercício - Matriz de avaliação'!C13="","",'Exercício - Matriz de avaliação'!C13) | D11: =IF('Exercício - Matriz de avaliação'!D13="","",'Exercício - Matriz de avaliação'!D13) | E11: =IF('Exercício - Matriz de avaliação'!E13="","",'Exercício - Matriz de avaliação'!E13) | F11: =IF('Exercício - Matriz de avaliação'!M13="","",'Exercício - Matriz de avaliação'!M13) | G11: =IF('Exercício - Matriz de avaliação'!N13="","",'Exercício - Matriz de avaliação'!N13) | H11: =IF('Exercício - Matriz de avaliação'!O13="","",'Exercício - Matriz de avaliação'!O13) | I11: =IF('Exercício - Matriz de avaliação'!P13="","",'Exercício - Matriz de avaliação'!P13) | J11: =IF('Exercício - Matriz de avaliação'!L13="","",'Exercício - Matriz de avaliação'!L13) | K11: =IF('Exercício - Matriz de avaliação'!J13="","",'Exercício - Matriz de avaliação'!J13) | L11: =IF('Exercício - Matriz de avaliação'!K13="","",'Exercício - Matriz de avaliação'!K13) | M11: =IF('Exercício - Matriz de avaliação'!AE13="","",'Exercício - Matriz de avaliação'!AE13)
A12: =IF('Exercício - Matriz de avaliação'!A14="","",'Exercício - Matriz de avaliação'!A14) | B12: =IF('Exercício - Matriz de avaliação'!B14="","",'Exercício - Matriz de avaliação'!B14) | C12: =IF('Exercício - Matriz de avaliação'!C14="","",'Exercício - Matriz de avaliação'!C14) | D12: =IF('Exercício - Matriz de avaliação'!D14="","",'Exercício - Matriz de avaliação'!D14) | E12: =IF('Exercício - Matriz de avaliação'!E14="","",'Exercício - Matriz de avaliação'!E14) | F12: =IF('Exercício - Matriz de avaliação'!M14="","",'Exercício - Matriz de avaliação'!M14) | G12: =IF('Exercício - Matriz de avaliação'!N14="","",'Exercício - Matriz de avaliação'!N14) | H12: =IF('Exercício - Matriz de avaliação'!O14="","",'Exercício - Matriz de avaliação'!O14) | I12: =IF('Exercício - Matriz de avaliação'!P14="","",'Exercício - Matriz de avaliação'!P14) | J12: =IF('Exercício - Matriz de avaliação'!L14="","",'Exercício - Matriz de avaliação'!L14) | K12: =IF('Exercício - Matriz de avaliação'!J14="","",'Exercício - Matriz de avaliação'!J14) | L12: =IF('Exercício - Matriz de avaliação'!K14="","",'Exercício - Matriz de avaliação'!K14) | M12: =IF('Exercício - Matriz de avaliação'!AE14="","",'Exercício - Matriz de avaliação'!AE14)
A13: =IF('Exercício - Matriz de avaliação'!A15="","",'Exercício - Matriz de avaliação'!A15) | B13: =IF('Exercício - Matriz de avaliação'!B15="","",'Exercício - Matriz de avaliação'!B15) | C13: =IF('Exercício - Matriz de avaliação'!C15="","",'Exercício - Matriz de avaliação'!C15) | D13: =IF('Exercício - Matriz de avaliação'!D15="","",'Exercício - Matriz de avaliação'!D15) | E13: =IF('Exercício - Matriz de avaliação'!E15="","",'Exercício - Matriz de avaliação'!E15) | F13: =IF('Exercício - Matriz de avaliação'!M15="","",'Exercício - Matriz de avaliação'!M15) | G13: =IF('Exercício - Matriz de avaliação'!N15="","",'Exercício - Matriz de avaliação'!N15) | H13: =IF('Exercício - Matriz de avaliação'!O15="","",'Exercício - Matriz de avaliação'!O15) | I13: =IF('Exercício - Matriz de avaliação'!P15="","",'Exercício - Matriz de avaliação'!P15) | J13: =IF('Exercício - Matriz de avaliação'!L15="","",'Exercício - Matriz de avaliação'!L15) | K13: =IF('Exercício - Matriz de avaliação'!J15="","",'Exercício - Matriz de avaliação'!J15) | L13: =IF('Exercício - Matriz de avaliação'!K15="","",'Exercício - Matriz de avaliação'!K15) | M13: =IF('Exercício - Matriz de avaliação'!AE15="","",'Exercício - Matriz de avaliação'!AE15)
... A53: =IF('Exercício - Matriz de avaliação'!A55="","",'Exercício - Matriz de avaliação'!A55) | B53: =IF('Exercício - Matriz de avaliação'!B55="","",'Exercício - Matriz de avaliação'!B55) | C53: =IF('Exercício - Matriz de avaliação'!C55="","",'Exercício - Matriz de avaliação'!C55) | D53: =IF('Exercício - Matriz de avaliação'!D55="","",'Exercício - Matriz de avaliação'!D55) | E53: =IF('Exercício - Matriz de avaliação'!E55="","",'Exercício - Matriz de avaliação'!E55) | F53: =IF('Exercício - Matriz de avaliação'!M55="","",'Exercício - Matriz de avaliação'!M55) | G53: =IF('Exercício - Matriz de avaliação'!N55="","",'Exercício - Matriz de avaliação'!N55) | H53: =IF('Exercício - Matriz de avaliação'!O55="","",'Exercício - Matriz de avaliação'!O55) | I53: =IF('Exercício - Matriz de avaliação'!P55="","",'Exercício - Matriz de avaliação'!P55) | J53: =IF('Exercício - Matriz de avaliação'!L55="","",'Exercício - Matriz de avaliação'!L55) | K53: =IF('Exercício - Matriz de avaliação'!J55="","",'Exercício - Matriz de avaliação'!J55) | L53: =IF('Exercício - Matriz de avaliação'!K55="","",'Exercício - Matriz de avaliação'!K55) | M53: =IF('Exercício - Matriz de avaliação'!AE55="","",'Exercício - Matriz de avaliação'!AE55)

Sheet INSTRUÇÕES
A1: Aba modelo para o Dashboard PTE2026
A3: Como usar:
A4: 1. Abra a sua planilha original no Google Sheets (a que tem a aba 'Exercício - Matriz de avaliação').
A5: 2. Importe ESTE arquivo: Arquivo > Importar > Fazer upload > selecione este .xlsx.
A6: Na janela de importação, escolha 'Inserir nova(s) página(s)'.
A7: 3. As abas 'Dashboard' e 'INSTRUÇÕES' serão adicionadas ao seu arquivo.
A8: 4. A aba 'Dashboard' já vem com fórmulas que puxam os dados do painel original;
A9: ela se atualiza sozinha conforme você preenche/avalia os projetos.
A11: Importante:
A12: - O nome da aba original precisa ser exatamente 'Exercício - Matriz de avaliação'.
A13: Se for diferente, ajuste o nome dentro das fórmulas (Localizar e substituir).
A14: - Para incluir novos projetos, selecione a última linha de fórmulas e arraste para baixo.
... A20: 3. Em assets/js/config.js: SHEET_ID = <ID>, SHEET_NAME = 'Dashboard', USE_DEMO_DATA = false.
